{
    "0": {
        "pa": 4,
        "po": true,
        "x1": -15.0,
        "x2": -8.76402401658812,
        "y1": -5.0,
        "y2": 12.863156279299993,
        "z1": 60,
        "z2": 60
    },
    "1": {
        "pa": 4,
        "po": true,
        "x1": -8.76402401658812,
        "x2": -8.76402401658812,
        "y1": 12.863156279299993,
        "y2": 12.863156279299993,
        "z1": 60,
        "z2": 0
    },
    "2": {
        "pa": 4,
        "po": false,
        "x1": -8.76402401658812,
        "x2": -8.76402401658812,
        "y1": 12.863156279299993,
        "y2": 12.863156279299993,
        "z1": 0,
        "z2": 0
    },
    "3": {
        "pa": 4,
        "po": false,
        "x1": -8.76402401658812,
        "x2": -8.76402401658812,
        "y1": 12.863156279299993,
        "y2": 12.863156279299993,
        "z1": 0,
        "z2": 60
    },
    "4": {
        "pa": 4,
        "po": false,
        "x1": -8.76402401658812,
        "x2": 15.06,
        "y1": 12.863156279299993,
        "y2": 2.56,
        "z1": 60,
        "z2": 60
    },
    "5": {
        "pa": 4,
        "po": true,
        "x1": 15.06,
        "x2": 15.06,
        "y1": 2.56,
        "y2": 2.56,
        "z1": 60,
        "z2": 60
    },
    "6": {
        "pa": 4,
        "po": true,
        "x1": 15.06,
        "x2": -8.678593240661328,
        "y1": 2.56,
        "y2": 12.91737259177156,
        "z1": 60,
        "z2": 60
    },
    "7": {
        "pa": 4,
        "po": true,
        "x1": -8.678593240661328,
        "x2": -8.678593240661328,
        "y1": 12.91737259177156,
        "y2": 12.91737259177156,
        "z1": 60,
        "z2": 0
    },
    "8": {
        "pa": 4,
        "po": false,
        "x1": -8.678593240661328,
        "x2": -8.678593240661328,
        "y1": 12.91737259177156,
        "y2": 12.91737259177156,
        "z1": 0,
        "z2": 0
    },
    "9": {
        "pa": 4,
        "po": false,
        "x1": -8.678593240661328,
        "x2": -8.678593240661328,
        "y1": 12.91737259177156,
        "y2": 12.91737259177156,
        "z1": 0,
        "z2": 60
    },
    "10": {
        "pa": 4,
        "po": false,
        "x1": -8.678593240661328,
        "x2": 15.06,
        "y1": 12.91737259177156,
        "y2": 2.56,
        "z1": 60,
        "z2": 60
    },
    "11": {
        "pa": 4,
        "po": true,
        "x1": 15.06,
        "x2": 15.06,
        "y1": 2.56,
        "y2": 2.56,
        "z1": 60,
        "z2": 60
    },
    "12": {
        "pa": 4,
        "po": true,
        "x1": 15.06,
        "x2": 8.713133168056872,
        "y1": 2.56,
        "y2": 12.358728207450007,
        "z1": 60,
        "z2": 60
    },
    "13": {
        "pa": 4,
        "po": true,
        "x1": 8.713133168056872,
        "x2": 8.713133168056872,
        "y1": 12.358728207450007,
        "y2": 12.358728207450007,
        "z1": 60,
        "z2": 0
    },
    "14": {
        "pa": 4,
        "po": false,
        "x1": 8.713133168056872,
        "x2": 8.713133168056872,
        "y1": 12.358728207450007,
        "y2": 12.358728207450007,
        "z1": 0,
        "z2": 0
    },
    "15": {
        "pa": 4,
        "po": false,
        "x1": 8.713133168056872,
        "x2": 8.713133168056872,
        "y1": 12.358728207450007,
        "y2": 12.358728207450007,
        "z1": 0,
        "z2": 60
    },
    "16": {
        "pa": 4,
        "po": false,
        "x1": 8.713133168056872,
        "x2": -13.82,
        "y1": 12.358728207450007,
        "y2": -11.98,
        "z1": 60,
        "z2": 60
    },
    "17": {
        "pa": 4,
        "po": true,
        "x1": -13.82,
        "x2": -13.82,
        "y1": -11.98,
        "y2": -11.98,
        "z1": 60,
        "z2": 60
    },
    "18": {
        "pa": 4,
        "po": true,
        "x1": -13.82,
        "x2": -15.0,
        "y1": -11.98,
        "y2": -5.0,
        "z1": 60,
        "z2": 60
    }
}