{
    "0": {
        "pa": 0,
        "po": false,
        "x1": 1.2246467991473533e-15,
        "x2": 9.99108734402852,
        "y1": 20.0,
        "y2": 15.00713012477718,
        "z1": 0.0,
        "z2": 0.0
    },
    "1": {
        "pa": 0,
        "po": false,
        "x1": 9.99108734402852,
        "x2": 9.99108734402852,
        "y1": 15.00713012477718,
        "y2": 12.500891265597145,
        "z1": 0.0,
        "z2": 0.0
    },
    "2": {
        "pa": 0,
        "po": false,
        "x1": 9.99108734402852,
        "x2": 7.484848484848484,
        "y1": 12.500891265597145,
        "y2": 12.500891265597145,
        "z1": 0.0,
        "z2": 0.0
    },
    "3": {
        "pa": 0,
        "po": false,
        "x1": 7.484848484848484,
        "x2": 7.484848484848484,
        "y1": 12.500891265597145,
        "y2": 15.00713012477718,
        "z1": 0.0,
        "z2": 0.0
    },
    "4": {
        "pa": 0,
        "po": false,
        "x1": 7.484848484848484,
        "x2": 4.978609625668448,
        "y1": 15.00713012477718,
        "y2": 15.00713012477718,
        "z1": 0.0,
        "z2": 0.0
    },
    "5": {
        "pa": 0,
        "po": false,
        "x1": 4.978609625668448,
        "x2": 4.978609625668448,
        "y1": 15.00713012477718,
        "y2": 12.500891265597145,
        "z1": 0.0,
        "z2": 0.0
    },
    "6": {
        "pa": 0,
        "po": false,
        "x1": 4.978609625668448,
        "x2": 2.4723707664884134,
        "y1": 12.500891265597145,
        "y2": 12.500891265597145,
        "z1": 0.0,
        "z2": 0.0
    },
    "7": {
        "pa": 0,
        "po": false,
        "x1": 2.4723707664884134,
        "x2": 2.4723707664884134,
        "y1": 12.500891265597145,
        "y2": 15.00713012477718,
        "z1": 0.0,
        "z2": 0.0
    },
    "8": {
        "pa": 0,
        "po": false,
        "x1": 2.4723707664884134,
        "x2": 0.0338680926916221,
        "y1": 15.00713012477718,
        "y2": 15.00713012477718,
        "z1": 0.0,
        "z2": 0.0
    },
    "9": {
        "pa": 0,
        "po": false,
        "x1": 0.0338680926916221,
        "x2": 0.0338680926916221,
        "y1": 15.00713012477718,
        "y2": 17.513368983957214,
        "z1": 0.0,
        "z2": 0.0
    },
    "10": {
        "pa": 0,
        "po": false,
        "x1": 0.0338680926916221,
        "x2": -2.5401069518716572,
        "y1": 17.513368983957214,
        "y2": 17.513368983957214,
        "z1": 0.0,
        "z2": 0.0
    },
    "11": {
        "pa": 0,
        "po": false,
        "x1": -2.5401069518716572,
        "x2": -2.5401069518716572,
        "y1": 17.513368983957214,
        "y2": 12.500891265597145,
        "z1": 0.0,
        "z2": 0.0
    },
    "12": {
        "pa": 0,
        "po": false,
        "x1": -2.5401069518716572,
        "x2": -5.046345811051693,
        "y1": 12.500891265597145,
        "y2": 12.500891265597145,
        "z1": 0.0,
        "z2": 0.0
    },
    "13": {
        "pa": 0,
        "po": false,
        "x1": -5.046345811051693,
        "x2": -5.046345811051693,
        "y1": 12.500891265597145,
        "y2": 17.513368983957214,
        "z1": 0.0,
        "z2": 0.0
    },
    "14": {
        "pa": 0,
        "po": false,
        "x1": -5.046345811051693,
        "x2": -7.552584670231728,
        "y1": 17.513368983957214,
        "y2": 17.513368983957214,
        "z1": 0.0,
        "z2": 0.0
    },
    "15": {
        "pa": 0,
        "po": false,
        "x1": -7.552584670231728,
        "x2": -7.552584670231728,
        "y1": 17.513368983957214,
        "y2": 12.500891265597145,
        "z1": 0.0,
        "z2": 0.0
    },
    "16": {
        "pa": 0,
        "po": false,
        "x1": -7.552584670231728,
        "x2": -12.5650623885918,
        "y1": 12.500891265597145,
        "y2": 12.500891265597145,
        "z1": 0.0,
        "z2": 0.0
    },
    "17": {
        "pa": 0,
        "po": false,
        "x1": -12.5650623885918,
        "x2": -12.5650623885918,
        "y1": 12.500891265597145,
        "y2": 7.488413547237074,
        "z1": 0.0,
        "z2": 0.0
    },
    "18": {
        "pa": 0,
        "po": false,
        "x1": -12.5650623885918,
        "x2": -15.00356506238859,
        "y1": 7.488413547237074,
        "y2": 7.488413547237074,
        "z1": 0.0,
        "z2": 0.0
    },
    "19": {
        "pa": 0,
        "po": false,
        "x1": -15.00356506238859,
        "x2": -2.5133689839572195,
        "y1": 7.488413547237074,
        "y2": 19.086452762923354,
        "z1": 0.0,
        "z2": 0.0
    }
}