{"0": {"x2": 9.99108734402852, "y2": 15.00713012477718, "y1": 20.0, "pa": 0, "x1": 1.2246467991473533e-15, "z1": 0.0, "z2": 0.0, "po": false}, "1": {"x2": 9.99108734402852, "y2": 12.500891265597145, "y1": 15.00713012477718, "pa": 0, "x1": 9.99108734402852, "z1": 0.0, "z2": 0.0, "po": false}, "2": {"x2": 7.484848484848484, "y2": 12.500891265597145, "y1": 12.500891265597145, "pa": 0, "x1": 9.99108734402852, "z1": 0.0, "z2": 0.0, "po": false}, "3": {"x2": 7.484848484848484, "y2": 15.00713012477718, "y1": 12.500891265597145, "pa": 0, "x1": 7.484848484848484, "z1": 0.0, "z2": 0.0, "po": false}, "4": {"x2": 4.978609625668448, "y2": 15.00713012477718, "y1": 15.00713012477718, "pa": 0, "x1": 7.484848484848484, "z1": 0.0, "z2": 0.0, "po": false}, "5": {"x2": 4.978609625668448, "y2": 12.500891265597145, "y1": 15.00713012477718, "pa": 0, "x1": 4.978609625668448, "z1": 0.0, "z2": 0.0, "po": false}, "6": {"x2": 2.4723707664884134, "y2": 12.500891265597145, "y1": 12.500891265597145, "pa": 0, "x1": 4.978609625668448, "z1": 0.0, "z2": 0.0, "po": false}, "7": {"x2": 2.4723707664884134, "y2": 15.00713012477718, "y1": 12.500891265597145, "pa": 0, "x1": 2.4723707664884134, "z1": 0.0, "z2": 0.0, "po": false}, "8": {"x2": 0.0338680926916221, "y2": 15.00713012477718, "y1": 15.00713012477718, "pa": 0, "x1": 2.4723707664884134, "z1": 0.0, "z2": 0.0, "po": false}, "9": {"x2": 0.0338680926916221, "y2": 17.513368983957214, "y1": 15.00713012477718, "pa": 0, "x1": 0.0338680926916221, "z1": 0.0, "z2": 0.0, "po": false}, "10": {"x2": -2.5401069518716572, "y2": 17.513368983957214, "y1": 17.513368983957214, "pa": 0, "x1": 0.0338680926916221, "z1": 0.0, "z2": 0.0, "po": false}, "11": {"x2": -2.5401069518716572, "y2": 12.500891265597145, "y1": 17.513368983957214, "pa": 0, "x1": -2.5401069518716572, "z1": 0.0, "z2": 0.0, "po": false}, "12": {"x2": -5.046345811051693, "y2": 12.500891265597145, "y1": 12.500891265597145, "pa": 0, "x1": -2.5401069518716572, "z1": 0.0, "z2": 0.0, "po": false}, "13": {"x2": -5.046345811051693, "y2": 17.513368983957214, "y1": 12.500891265597145, "pa": 0, "x1": -5.046345811051693, "z1": 0.0, "z2": 0.0, "po": false}, "14": {"x2": -7.552584670231728, "y2": 17.513368983957214, "y1": 17.513368983957214, "pa": 0, "x1": -5.046345811051693, "z1": 0.0, "z2": 0.0, "po": false}, "15": {"x2": -7.552584670231728, "y2": 12.500891265597145, "y1": 17.513368983957214, "pa": 0, "x1": -7.552584670231728, "z1": 0.0, "z2": 0.0, "po": false}, "16": {"x2": -12.5650623885918, "y2": 12.500891265597145, "y1": 12.500891265597145, "pa": 0, "x1": -7.552584670231728, "z1": 0.0, "z2": 0.0, "po": false}, "17": {"x2": -12.5650623885918, "y2": 7.488413547237074, "y1": 12.500891265597145, "pa": 0, "x1": -12.5650623885918, "z1": 0.0, "z2": 0.0, "po": false}, "18": {"x2": -15.00356506238859, "y2": 7.488413547237074, "y1": 7.488413547237074, "pa": 0, "x1": -12.5650623885918, "z1": 0.0, "z2": 0.0, "po": false}, "19": {"x2": 0.0338680926916221, "y2": 19.88413547237076, "y1": 7.488413547237074, "pa": 0, "x1": -15.00356506238859, "z1": 0.0, "z2": 0.0, "po": false}}