{"0": {"x2": 9.038461538461538, "y2": 14.23076923076923, "y1": 20.0, "pa": 0, "x1": 0.0, "z1": 0.0, "z2": 0.0, "po": false}, "1": {"x2": -7.5, "y2": 14.951923076923077, "y1": 14.230769230769226, "pa": 0, "x1": 9.038461538461542, "z1": 0.0, "z2": 37.5, "po": true}, "2": {"x2": -7.451923076923077, "y2": 14.85576923076923, "y1": 14.951923076923077, "pa": 0, "x1": -7.499999999999995, "z1": 37.5, "z2": 0.0, "po": true}, "3": {"x2": -7.451923076923077, "y2": 14.85576923076923, "y1": 14.855769230769198, "pa": 0, "x1": -7.451923076923061, "z1": 0.0, "z2": 0.0, "po": false}, "4": {"x2": -2.5, "y2": 17.548076923076923, "y1": 14.855769230769198, "pa": 0, "x1": -7.451923076923061, "z1": 0.0, "z2": 50.5, "po": false}, "5": {"x2": 2.980769230769231, "y2": 16.153846153846153, "y1": 17.54807692307692, "pa": 0, "x1": -2.5000000000000053, "z1": 50.499999999999986, "z2": 0.0, "po": false}, "6": {"x2": 2.980769230769231, "y2": 16.153846153846153, "y1": 16.153846153846153, "pa": 0, "x1": 2.980769230769229, "z1": 5.684341886080802e-14, "z2": 5.684341886080802e-14, "po": true}, "7": {"x2": 2.980769230769231, "y2": 16.153846153846153, "y1": 16.153846153846153, "pa": 0, "x1": 2.980769230769229, "z1": 5.684341886080802e-14, "z2": 27.500000000000057, "po": true}, "8": {"x2": 2.980769230769231, "y2": 16.153846153846153, "y1": 16.153846153846153, "pa": 0, "x1": 2.980769230769229, "z1": 27.500000000000078, "z2": 27.500000000000078, "po": false}}