{"0": {"x2": 8.914285714285715, "y2": 11.9, "y1": 20.0, "pa": 0, "x1": 0.0, "z1": 0, "z2": 95.0, "po": false}, "1": {"x2": -7.371428571428571, "y2": 14.128571428571428, "y1": 11.900000000000007, "pa": 0, "x1": 8.914285714285707, "z1": 95.00000000000006, "z2": 43.00000000000006, "po": true}, "2": {"x2": 0.0, "y2": 17.15714285714286, "y1": 14.128571428571428, "pa": 0, "x1": -7.371428571428573, "z1": 42.99999999999989, "z2": 0.0, "po": true}}