{
    "0": {
        "pa": 4,
        "po": true,
        "x1": -10.0,
        "x2": -8.90471319602816,
        "y1": -10.0,
        "y2": 13.941903758717022,
        "z1": 60,
        "z2": 60
    },
    "1": {
        "pa": 4,
        "po": true,
        "x1": -8.90471319602816,
        "x2": -8.90471319602816,
        "y1": 13.941903758717022,
        "y2": 13.941903758717022,
        "z1": 60,
        "z2": 0
    },
    "2": {
        "pa": 4,
        "po": false,
        "x1": -8.90471319602816,
        "x2": -8.90471319602816,
        "y1": 13.941903758717022,
        "y2": 13.941903758717022,
        "z1": 0,
        "z2": 0
    },
    "3": {
        "pa": 4,
        "po": false,
        "x1": -8.90471319602816,
        "x2": -8.90471319602816,
        "y1": 13.941903758717022,
        "y2": 13.941903758717022,
        "z1": 0,
        "z2": 60
    },
    "4": {
        "pa": 4,
        "po": false,
        "x1": -8.90471319602816,
        "x2": 150.6,
        "y1": 13.941903758717022,
        "y2": 25.6,
        "z1": 60,
        "z2": 60
    },
    "5": {
        "pa": 4,
        "po": true,
        "x1": 150.6,
        "x2": 150.6,
        "y1": 25.6,
        "y2": 25.6,
        "z1": 60,
        "z2": 60
    },
    "6": {
        "pa": 4,
        "po": true,
        "x1": 150.6,
        "x2": 0.09294175143750039,
        "y1": 25.6,
        "y2": 10.508007833531249,
        "z1": 60,
        "z2": 60
    },
    "7": {
        "pa": 4,
        "po": true,
        "x1": 0.09294175143750039,
        "x2": 0.09294175143750039,
        "y1": 10.508007833531249,
        "y2": 10.508007833531249,
        "z1": 60,
        "z2": 0
    },
    "8": {
        "pa": 4,
        "po": false,
        "x1": 0.09294175143750039,
        "x2": 0.09294175143750039,
        "y1": 10.508007833531249,
        "y2": 10.508007833531249,
        "z1": 0,
        "z2": 0
    },
    "9": {
        "pa": 4,
        "po": false,
        "x1": 0.09294175143750039,
        "x2": 0.09294175143750039,
        "y1": 10.508007833531249,
        "y2": 10.508007833531249,
        "z1": 0,
        "z2": 60
    },
    "10": {
        "pa": 4,
        "po": false,
        "x1": 0.09294175143750039,
        "x2": 138.2,
        "y1": 10.508007833531249,
        "y2": -119.8,
        "z1": 60,
        "z2": 60
    },
    "11": {
        "pa": 4,
        "po": true,
        "x1": 138.2,
        "x2": 138.2,
        "y1": -119.8,
        "y2": -119.8,
        "z1": 60,
        "z2": 60
    },
    "12": {
        "pa": 4,
        "po": true,
        "x1": 138.2,
        "x2": -10.0,
        "y1": -119.8,
        "y2": -10.0,
        "z1": 60,
        "z2": 60
    }
}